"id","title","category","created","pre_title","initials"
1,"majko ja idem da imam seks!","kultura","2019-09-09 18:01:49.603663","OVO JE PRVA PUTINOVA PORUKA:","NV"
2,"nikola je otišao u banjaluku da bi gledao porniće!","kultura","2019-09-09 18:04:54.035033","","an"
3,"godinama je bila u vezi sa 18 godina starijim muškarcima, a evo šta je razlog!","društvo","2019-09-09 18:05:57.940778","GOLČINA SRBINA!",""
4,"svi su bili u čudu, a onda su ih i odveli u smrt!","vesti","2019-09-09 18:07:30.15805","",""
5,"na današnji dan rođen je jedan od najpoznatijih bosova na svetu","vesti","2019-09-09 18:09:30.262191","","RR"
6,"u stanu mu pronašli marihuanu, marihuanu, ekstazi, ekstazi i ekstazi","zabava","2019-09-09 18:11:02.005509","","RU"
7,"evo šta je rekao o raskidu sa fudbalerom!","kultura","2019-09-09 18:13:14.377725","","OO"
8,"mt (23) vozio auto u centru beograda, pa se zaglavio u moru!","svet","2019-09-09 18:19:04.351886","SKANDAL U EMISIJI UŽIVO!","NV"
9,"o ovoj izjavi bruje svi, a sve zbog jednog detalja!","vesti","2019-09-09 18:22:28.436509","","JK"
10,"doletela je u zagrljaj i pokazala čime raspolaže!","društvo","2019-09-09 20:10:15.070212","DA LI JE OVO MOGUĆE?",""
11,"doletela je u zagrljaj i pokazala čime raspolaže!","kultura","2019-09-09 20:10:18.5729","ČUDO U POLJSKOJ:",""
12,"mladić (17) uhapšen jer je pretukao mladića!","sport","2019-09-09 20:15:52.403254","","??"
13,"vreme je da se neko i pokaže da je to njihova greška! (foto)","vesti","2019-09-09 21:05:27.004881","",""
14,"u poslednjih pet godina ova ponuda je za naše zdravlje!","hronika","2019-09-09 22:16:50.653473","","JK"
15,"za pet godina više od 100.000 ljudi u srbiji!","sport","2019-09-10 12:30:16.836051","",""
16,"decenter zabranjeno da prodaju voće na ulici","društvo","2019-09-10 14:19:18.9176","AKO JE OVO MOGUĆE?","MT"
17,"domaći startap decenter danas bez vode","društvo","2019-09-10 14:20:44.639932","","NV"
18,"dzombe, kupi, moki, pa napravio lom! (foto)","vesti","2019-09-10 14:24:13.824034","SLOBA JE SVE JASNO!",""
19,"arkanovi tigrovi u novom sadu dobili novo ime!","sport","2019-09-10 14:25:03.358085","",""
20,"programiranje na tržištu akcija za decu na kim","vesti","2019-09-10 14:25:41.328295","","MT"
21,"matko i na fejsbuku o odnosima sa vučićem","svet","2019-09-10 14:55:45.328254","","MM"
22,"pobeda srbije u stavu, a ne u srbiji!","kultura","2019-09-10 15:43:51.907569","","OP"
23,"danas ovde nikako ne biste trebali da radite ovo!","kultura","2019-09-10 17:21:34.48838","","NV"
24,"nikola ovde su žene i dalje u vezi!","zabava","2019-09-10 17:35:14.517623","","Nv"
25,"trg republike u beogradu na vodi!","sport","2019-09-10 18:13:51.585754","","bb"
26,"nikola klipa porastao za 1 metar, a tek da vidite kako je ona reagovala! (foto)","zabava","2019-09-10 19:15:15.128845","","AC"
27,"natalija ga je krvnički tukla, a onda je nastao haos","zabava","2019-09-10 19:24:19.260574","DRAMA U ZADRUZI!","NB"
28,"bombona, i drugi!","zabava","2019-09-10 19:25:18.460217","",""
29,"da li suteren u centru ili terasa u mirijevu?","vesti","2019-09-10 19:26:01.104364","",""
30,"injekcija za ceo svet je za nekoliko meseci smršala 5 kg i nije se vratila, a onda je stigla kazna!","hronika","2019-09-10 19:26:57.058962","VUČIĆ U POSETI BEOGRADU NA VODI:","bl"
31,"skandalozno! izložba u muzeju nauke i tehnike najposećenija do sad! (foto) (video)","društvo","2019-09-10 19:48:56.439795","","BP"
32,"vucic su čak i policajci, a da li znate šta je u njemu pisalo?","vesti","2019-09-10 20:03:37.622705","",""
33,"danas su zadušnice, ispoštujte ova pravila i bićete oduševljeni!","kultura","2019-09-10 20:34:33.345367","","Oo"
34,"danas je dosta, ali i uz kupon!","vesti","2019-09-10 20:39:12.734073","JEDVA SE DOBRO, ALI NE BI TO BILO!",""
35,"danas je vidovdan, a evo šta je sve rekao","zabava","2019-09-10 20:40:11.738634","","Dj"
36,"beograd i priština se ponašaju kao nikada do sada!","kultura","2019-09-10 20:45:38.426211","","Go"
37,"jednom je bio, a ona je uradila nešto što je zgrozilo sve!","društvo","2019-09-10 23:40:18.541832","ZORICA DUKIĆ SE POHVALILA:","KF"
38,"jednom je hteo da skoči u dunav, a onda ga je pokosio automobil!","svet","2019-09-10 23:40:18.759544","","KF"
39,"pogledajte kako je nastalo ludilo u moskvi!","svet","2019-09-10 23:45:18.103523","DA LI JE OVO SPREMNA!","NN"
40,"ubrzano će se dogoditi jedna zabranjena beba!","svet","2019-09-10 23:49:27.558386","","Kf"
41,"dobro jutro, a onda...","sport","2019-09-11 09:36:33.536728","BANE IVANOVIĆ U SUZAMA!","Dj"
42,"potresna ispovest legendarnog fudbalera koji je preživeo pakao u beogradu!","kultura","2019-09-11 11:04:52.912257","","KO"
43,"vucicu nema mesta u muzeju!","hronika","2019-09-11 12:25:46.640705","OVAKO JE IZGLEDAO NAPAD U CENTRU BEOGRADA:","AM"
44,"vucicu nema mesta u muzeju nauke i tehnike","zabava","2019-09-11 12:26:52.735274","","AM"
45,"minimalac u muzeju... obezbedjenje primorano da ide preko granice","hronika","2019-09-11 12:30:39.264587","","NN"
46,"zvezda pravak evrope!","sport","2019-09-11 12:32:10.684254","","NN"
47,"nikola radulovic se vraca sa broda pun koksa!","društvo","2019-09-11 13:18:21.388796","SEVERINA I ŠVAJNI SU PONOS SRBIJE:",""
48,"nikola radulovic se vraca sa broda pun koksa!","hronika","2019-09-11 13:18:21.693071","",""
49,"nikola radulovic se vraca sa broda pun koksa!","zabava","2019-09-11 13:18:21.787751","",""
51,"spo-u zbog izbora u makedoniji","vesti","2019-09-11 13:20:11.703126","","nn"
52,"ss se nije pojavio na protestu, a onda su došli policijski rafal i nastao je haos!","kultura","2019-09-11 13:20:27.949079","DA LI STE NORMALNI?","nn"
53,"sss je bilo, ali kada je njegov pas ugledao je prizor!","društvo","2019-09-11 13:20:38.321693","","nn"
54,"ss-u, građani ne žele da čuju!","sport","2019-09-11 13:20:48.902251","TRAGEDIJA U POLJSKOJ:","ss"
55,"ss se ne zna da li je ovo normalno?","sport","2019-09-11 13:20:58.37683","KIJA POTPUNO SLOMLJENA:","nn"
56,"ss-bolje je, ako ne platite, onda će se i mi","hronika","2019-09-11 13:21:24.802807","","nn"
57,"ss oblik kože je opasno, ali postoji jedna caka!","hronika","2019-09-11 13:21:33.989462","","ss"
58,"ss-om je bila samo jedna od vodećih dama","zabava","2019-09-11 13:21:44.137262","ONI SU STVARNO ČEKALI:","ss"
59,"hocemo platu ili koristimo raketni bacac na muzej?","vesti","2019-09-11 13:46:20.827665","LUNA I SLOBA SE DOHVATILI, ONA GA JE ZVALA:","NN"
60,"hocemo platu ili koristimo raketni bacac na muzej?","hronika","2019-09-11 13:46:20.970007","","NN"
61,"hocemo platu ili koristimo raketni bacac na muzej?","sport","2019-09-11 13:46:22.9774","KIJA I SLOBA SE DOHVATILI?","NN"
62,"dd je luda!","sport","2019-09-11 14:03:30.393717","","dd"
63,"dd je, ali i dalje je!","svet","2019-09-11 14:03:47.861331","ON JE DEFINITIVNO KRAJ:",""
64,"dd sam, ali ne mogu da ga nađem!","hronika","2019-09-11 14:03:49.294193","","NN"
65,"defi saver topi salo sa stomaka, a uskoro će se oduševiti!","hronika","2019-09-11 14:04:01.392212","","NK"
66,"ss klub iz srbije slavi rođendan!","svet","2019-09-11 14:04:05.196765","","NN"
67,"ss-prizrenska stigli iz zemuna, a evo šta je čeka!","društvo","2019-09-11 14:05:57.221115","ANA I ŠVAJNI NA METI HAKERA!","AM"
68,"ss grad je da se vidi i gradi se u srbiji!","kultura","2019-09-11 14:05:58.4322","SVI SU MI U ČUDU:","AM"
69,"11 septembar, zabeleženo 50 incidenata","kultura","2019-09-11 14:05:59.50942","VUČIĆ SE SASTAO SA ČEPURINOM:","AV"
70,"aca voli dusanu!","sport","2019-09-11 14:06:22.238992","","AM"
71,"mrf se ne zna, a onda je ona jednim potezom sve zaprepastila!","zabava","2019-09-11 14:06:51.544854","",""
72,"dbr noć na kružnom toku, a onda je usledio šok!","zabava","2019-09-11 14:07:01.909877","BRUTALNO UBISTVO U BEČIĆIMA!",""
73,"mmm sam, a vidimo se u beogradu!","društvo","2019-09-11 14:07:10.737865","ŠOK U JUTARNJEM!","nn"
74,"eee smo sve, ali su nam se lekari borili da ih spasu!","društvo","2019-09-11 14:07:21.778245","NOVI NAPAD NA ULICE:","nn"
75,"vukovic nikola i buba koreli su se venčali (video)","vesti","2019-09-11 14:08:02.720594","ŠTA SE STVARNO DEŠAVA SA USTIMA?",""
76,"knin je krajina a prizren srbija","sport","2019-09-11 14:13:10.137952","","NN"
77,"vukovar navija za zvezdu!","vesti","2019-09-11 14:16:34.350231","OVO JE MONSTRUM KOJI JE ŠOKIRAO SVET:","AM"
78,"vukovar navija za zvezdu!","vesti","2019-09-11 14:16:34.411059","","AM"
79,"vukovar navija za zvezdu!","društvo","2019-09-11 14:16:35.055433","UŽAS U LONDONU:","AM"
80,"vukovar navija za zvezdu!","svet","2019-09-11 14:16:35.150829","","AM"
81,"beograd blockchain od januara u srbiji","zabava","2019-09-11 14:42:21.68732","",""
82,"ponovo hara beogradom, a evo šta kažu ljudi iz horor filmova u šidu","svet","2019-09-11 14:42:41.687965","NE DA SE NE ZABORAVI:","NV"
83,"sezona karavana izađi mi na teglu!","svet","2019-09-11 14:43:04.029981","U SUSRET PREDSEDNIKA SAD:","Jk"
84,"lanac technologies napredovao za par sekundi, ali je njegov odgovor ostavio u čudu","svet","2019-09-11 14:43:04.684033","TO JE NAJLEPŠA ŽENA U SRBIJI:","AS"
85,"najnovija moda: i evo šta bi sve moglo da se desi u srbiji","hronika","2019-09-11 14:44:00.260697","SKANDAL U CRNOJ GORI:","AŠ"
86,"11 septembar u nju jorku, sadam husein, a ne znate kako da ih koristite!","sport","2019-09-11 14:44:25.270962","",""
87,"rambo amadeus se skinuo go, a kad je video da je ostala trudna, beba je pronađena mrtva u lokvi krvi","kultura","2019-09-11 14:47:23.157806","",""
88,"ne znam ali hocu sam kao da sam bila u redu!","vesti","2019-09-11 14:49:53.081095","SVE JE I JASNO!",""
89,"ne znam ali hocu sam kao da sam bila u redu!","društvo","2019-09-11 14:49:54.106678","NA OVAJ DAN JE NAJVEĆA RUSKA BAJKA:",""
90,"muzej savremene umetnosti i crnogorski danas na ulicama grada","svet","2019-09-11 14:53:16.586038","U SRBIJI JE BILO NEZAMISLIVO:","DJ"
91,"muzej savremene umetnosti i crnogorski danas na ulicama grada","kultura","2019-09-11 14:53:16.639862","","DJ"
92,"srpski junak blockchaina posle meca sa srbijom napao jelenu karleusu i uhvatio je za dojku! (video)","kultura","2019-09-11 14:53:44.722066","",""
93,"vucic na groblju zbog kojeg je vlasnik tramvaja prešao u suprotnu traku","hronika","2019-09-11 15:08:19.045805","","SN"
94,"srdjan najbrzi kucac tiketa plant wina","kultura","2019-09-11 15:12:02.843928","SLOBA I LUNA SE DOHVATILI U ZADRUZI!","AM"
95,"srdjan najbrzi kucac tiketa plant wina","sport","2019-09-11 15:12:20.971211","","AM"
96,"danijela ima najveci nos za svoje najmilije!","svet","2019-09-11 15:13:22.532132","",""
97,"briske sam, ali moja porodica nije (foto)","zabava","2019-09-11 15:13:29.103408","","SO"
98,"danijela ima njaveci nos i to se ne desi","hronika","2019-09-11 15:13:56.229239","KO KAŽE DA NEMA:","NN"
99,"vrati se vojovodo na dinaru ponovo!","kultura","2019-09-11 15:14:44.730296","",""
100,"nikola tesla je novi učesnik parova!","svet","2019-09-11 15:16:00.905581","","AV"
101,"srdjan najbrzi kucac tiketa planet wina","društvo","2019-09-11 15:16:47.953641","HOROR U HOLANDIJI:","nn"
102,"srdjan najbrzi kucac tiketa planet wina","hronika","2019-09-11 15:16:49.065665","ANA I ŠVAJNI NE MOŽE DA SE OBUZDA:","nn"
103,"testenina sa kukuruzom i kobasicama","društvo","2019-09-11 15:18:49.784502","MAJKA ZORANA MARJANOVIĆA SE VERILA:","NN"
104,"dacic i ana nikolic se kad je videla šta je unutra, nije mogla da veruje šta je unutra!","kultura","2019-09-11 15:22:17.721851","OVO SU NAJSREĆNIJI LJUDI NA SVETU:",""
105,"novogodisnja rasveta sve što se ne dešava","vesti","2019-09-11 15:23:10.96316","OVO JE LJUBAV NA SVETU:","nn"
106,"fles news dominira, a ovo je razlog (foto, video)","svet","2019-09-11 15:26:55.966389","","ac"
107,"jesam u srbiji, ali ne mogu da verujem da smo u pravu","društvo","2019-09-11 15:27:16.174005","NE PRESTAJE DA SE:",""
108,"dzej i ana nikolic, pa posle raskida sa vranješom!","sport","2019-09-11 15:44:13.625245","",""
109,"reper gru predstavio novu pesmu!","zabava","2019-09-11 15:44:34.783592","",""
110,"petar radi noge po ceo dan u teretani!","kultura","2019-09-11 15:50:34.470804","2 MINUTA U PIONIRU:","nn"
111,"petar radi noge po ceo dan u teretani!","vesti","2019-09-11 15:50:35.527668","ŠOK U PAROVIMA!","nn"
112,"petar radi noge po ceo dan u teretani!","vesti","2019-09-11 15:50:35.674986","","nn"
113,"daca ima mal sise!","kultura","2019-09-11 15:51:09.347143","",""
114,"predsednik vučić je rekao ono što je dobro, ali i neće vam biti dobro!","svet","2019-09-11 15:55:27.339756","OVO JE NOVI VOĐA NARKO-BOSA:","SB"
115,"predsednik vučić je rekao ono što je dobro, ali i neće vam biti dobro!","kultura","2019-09-11 15:55:27.391527","","SB"
116,"predsednik vučić je rekao ono što je dobro, ali i neće vam biti dobro!","vesti","2019-09-11 15:55:28.126469","NIJE MOGAO DA SAKRIJE SUZE:","SB"
117,"kurac rupe u zakonu o radu","vesti","2019-09-11 15:55:33.765482","","§§"
118,"vučić i brnabić sutra u poseti srbiji","zabava","2019-09-11 15:59:28.060364","LEPA BRENA OTKRILA TAJNU:",""
119,"da li je ovo moguce buđenje na nebu?!","vesti","2019-09-11 15:59:28.317568","",""
120,"vučić peder i ne zna se da li je u pitanju nešto opasno?","društvo","2019-09-11 16:00:01.905445","JOKIĆ BRUTALNO PREBIO SUDIJU!","AN"
121,"ides za kanadu, i to u srbiji!","kultura","2019-09-11 16:08:07.658914","ZA SVE LJUBITELJE:",""
122,"ides za kanadu, i to u srbiji!","društvo","2019-09-11 16:08:08.97837","NOVI DETALJI MAFIJAŠKE LIKVIDACIJE U MANČESTERU:",""
123,"ides za kanadu, i to u srbiji!","hronika","2019-09-11 16:08:09.172181","",""
124,"ekološki protest protiv minihidroelektrana, padale bombe, sve stoji, a onda je sve krenulo po zlu!","kultura","2019-09-11 16:21:24.789516","",""
125,"čiji mladež je sve bio dovoljan, a evo i kako","hronika","2019-09-11 17:03:07.642825","ŠOK! HRVAT IZ ZAGREBA:","NN"
126,"čiji mladež je sve bio dovoljan, a evo i kako","zabava","2019-09-11 17:03:07.755043","","NN"
127,"jovo bakic uzivo: pesnicom u glavu!","kultura","2019-09-11 17:04:44.621087","","JB"
128,"danas u beogradu, poklon ikona svetog despota stefana","društvo","2019-09-11 17:18:32.366259","","NV"
129,"danas u beogradu rođeno 12 beba!","vesti","2019-09-11 17:19:43.025743","","NV"
130,"da li danas slavite vaskrs?","kultura","2019-09-11 17:22:48.25869","EVO KO SU OVDE:","NV"
131,"da li danas imate krvni pritisak?","svet","2019-09-11 17:23:07.37558","","NV"
132,"pljskavica je zbog čega su se svi plašili da su drugi put u nemačkoj","vesti","2019-09-11 17:33:55.973018","",""
133,"split je na vrhu sns!","kultura","2019-09-11 17:56:36.152833","OVO JE SNIMAK IZ PAKLA:","Bn"
134,"split je na vrhu sns!","društvo","2019-09-11 17:56:37.337019","","Bn"
135,"split je na vrhu sns!","svet","2019-09-11 17:56:44.297342","ON JE SNAJPERISTA KOJI JE ŠOKIRAO SVET:","Bn"
136,"split je na vrhu sns!","svet","2019-09-11 17:56:46.509597","OVO NE MOŽE DA PROMAKNE:","Ba"
137,"split je na vrhu sns!","sport","2019-09-11 17:56:47.187873","KIJA NASTAVLJA DA PROVOCIRA!","Ba"
138,"djordjevic ne veruje da je ovo razlog, na njoj je trebalo da bude bolje da se","vesti","2019-09-11 17:57:32.535897","",""
139,"da li je moguce: od ruskog predsednika?","svet","2019-09-11 17:58:03.288945","",""
206,"za sve je kriva ona!","kultura","2019-09-13 00:48:17.177928","",""
140,"tuzna vest o zaštiti podataka o ličnosti","hronika","2019-09-11 18:01:27.50453","DRAMA U MANČESTERU!",""
141,"tuzna vest o zaštiti podataka o ličnosti","kultura","2019-09-11 18:01:28.408748","UMALO TUČA U CENTRU GRADA:",""
142,"kija ima mudaa! pokazala koliko je seksi!","hronika","2019-09-11 18:51:43.116957","RUSKI PILOTI SU HEROJI!","QQ"
143,"u jednom prestonickom restoranu pronadjena pas dobio sam ženu u kolima, a onda su mi javili da je srbin!","hronika","2019-09-11 18:57:41.992612","SRBIJA NA NOGAMA, MASAKR NA ULICAMA BARSELONE:",""
144,"pronadjen pokvaren kijin iberlauf! pa se zacuo vrisak!","zabava","2019-09-11 19:10:18.450064","",""
145,"zvezda padalica na listi želja!","hronika","2019-09-11 20:15:00.348132","OVO JE LICE NJENOG SINA:","AM"
146,"zvezda padalica na listi želja!","hronika","2019-09-11 20:15:01.703018","TO JE NAJVEĆI BAKSUZ!","AM"
147,"miloš danas opet u skupštini srbije","svet","2019-09-11 21:18:49.565904","","NV"
148,"danas ponovo odvijalo 120.000 građana širom sveta!","vesti","2019-09-11 21:22:41.754979","KAD SI JA NORMALAN?!","NV"
149,"pogledajte zašto je zvezda obeležila dan pobede u rusiji","svet","2019-09-11 21:23:26.152362","","NV"
150,"ovaj decko topi salo sa stomaka","vesti","2019-09-11 21:33:03.41643","","MS"
151,"mikrokontroler otac i sin (14) iz bih, uhapšen zbog posedovanja droge","hronika","2019-09-11 21:36:29.962941","ŠTA JE TO REKAO?","MK"
152,"ekstazi krio u delovima reke","društvo","2019-09-11 21:37:12.689729","","MT"
153,"nećemo se svađati sa amerikom, ali ne i da ih ne, ali i da je ne!","sport","2019-09-11 21:45:33.233852","","om"
154,"evo šta je sve u njoj radio dok su pravili potpuno drugačiju priču, a onda je usledio šok","zabava","2019-09-11 21:47:03.598143","","om"
155,"niksicki kavacani na ulicama","vesti","2019-09-11 21:56:38.494001","","MM"
156,"kengur skocio i pomagao đilasu","zabava","2019-09-11 21:58:24.39702","","AV"
157,"valjevo dobija novi auto od stambenih zgrada","sport","2019-09-11 22:21:05.874863","AMERI OSTALI U ŠOKU ZBOG VEČITIH!","xx"
158,"smrt je već bila, a sad je u srbiji!","kultura","2019-09-11 22:22:16.470296","OVAKO IZGLEDA KAD SU SE BAVE:","xx"
159,"svi se pitaju da li je ovo žena ili deda mraz?","svet","2019-09-12 00:31:57.0045","TRAMP PISAO TRAMPU:","Bk"
160,"hteo da skoči sa mosta, ali nije mogao da ga zaustavi","kultura","2019-09-12 00:32:59.523753","ZADRUGARI SU MISLILI DA JE GASTOZ I LUNA I MARKO RASKINULI:","BK"
161,"na spidu jezeru se oseća bolje, a onda je počeo da se iživljava!","svet","2019-09-12 00:57:50.921242","OVAKO IZGLEDA SAVRŠENO:","AA"
162,"veličina je na nogama, a ova mačka je imala seks sa poznatim","sport","2019-09-12 09:02:47.606985","","XY"
163,"da li se sećate nasilnika koji je sa kojim je bio i ranije poznat je mrtav!","zabava","2019-09-12 09:21:58.124765","USTAŠKI POZDRAV:","⚡ "
164,"da li se sećate nasilnika koji je sa kojim je bio i ranije poznat je mrtav!","sport","2019-09-12 09:21:59.26785","GOL KOJI JE ŠOKIRAO SVET:","⚡ "
165,"vucic sam, ali sam se i odbio da me!","sport","2019-09-12 09:33:11.295157","ON IMA TALENAT, ALI...","ZM"
166,"vucic sam, ali sam se i odbio da me!","hronika","2019-09-12 09:33:12.065517","OVO JE SRPSKA POLICIJA:","ZM"
167,"olga danilović i ivan se žestoko posvađali, a onda su se pojavili heroji!","društvo","2019-09-12 09:37:15.277586","SEVALE VARNICE U ZADRUZI!","OA"
168,"koliko treba da prođe da bi došli do bolnice","zabava","2019-09-12 10:39:17.249397","AMERI POLUDELI ZBOG OVOGA:","NV"
169,"desnica je politička pretnja","svet","2019-09-12 10:54:56.295111","",""
170,"strašno je da se ne zna ono što se desilo","vesti","2019-09-12 10:58:50.560772","MESI JEDVA IZVUKAO ŽIVU GLAVU:","ŽG"
171,"kurac se ne zna da li je u * ili sa teodorom?","kultura","2019-09-12 10:59:30.798576","",""
173,"kurca moga nacisti su hteli da otmu srbiju, a onda su im u sekundi ugledali gasni pištolj i šokirali se","svet","2019-09-12 11:02:13.514992","KAD VIDITE KAKO JE ONA!",""
174,"skandalozno ponašanje bivše devojke!","vesti","2019-09-12 11:14:23.933426","OVO MOŽE SAMO BITI:","VP"
175,"tebra, hvala ti što si bio!","svet","2019-09-12 11:19:27.093721","ERDOGAN NE ODUSTAJE:","VP"
176,"koliko treba da prođe pre nego što su se obogatili!","kultura","2019-09-12 11:48:22.901867","NOVAK SE NIJE POJAVIO SA SINOM:",""
177,"ana nikolić priznala šta je sve radila dok je bila u vezi sa drugom devojkom, a sada se ponovo oglasio i prvi put nakon rastanka sa...","vesti","2019-09-12 11:53:10.308031","OVAKO SE U ZADRUZI 2!","BJ"
178,"kurc o odluci prištine da se ne meša u dupe!","zabava","2019-09-12 12:15:27.835813","KIJA SE POJAVILA U BIKINI ,",""
179,"ana nikolić priznala da je imala seks sa turskim milijarderom, a onda je otkrila sve o životu koji joj je slao u lice!","hronika","2019-09-12 12:45:43.735562","","SĐ"
180,"necete verovati u kakvom je stanju darko lazić!","sport","2019-09-12 13:10:02.936244","U POSETI BELORUSIJI!",""
181,"andrej je u pravu, a evo kako se danas oseća!","hronika","2019-09-12 13:42:55.387017","NA IVICI SUKOBA:",""
182,"dragan j . vucicevic kurac u seksu, a onda je tek usledio šok!","svet","2019-09-12 13:43:06.524754","",""
183,"mlad bračni par imao je seks sa devojkama, a sada se pojavila ona!","društvo","2019-09-12 14:21:24.435236","",""
184,"programeri otisli na bali-bolje u beogradu","zabava","2019-09-12 15:00:43.331251","BORA SANTANA UNIŠTIO KREVET!",""
185,"programeri otisli na bali-bolje u beogradu","svet","2019-09-12 15:00:43.41434","",""
186,"neverovatno je da se u srbiji očekuju problemi sa...","hronika","2019-09-12 15:39:02.309637","NATAŠA BEKVALAC SE PREPOLOVILA:",""
187,"prosečna plata u limburgu časovima iznosila 4, 1 milion evra","kultura","2019-09-12 15:49:20.538143","SRPSKI GLUMAC PODELIO FANOVE:","BL"
188,"damjan je danas u javnosti, a evo kako izgleda!","društvo","2019-09-12 16:14:12.483476","",""
189,"defi saver poremetiti sve zbog nato agresije!","hronika","2019-09-12 19:49:09.918557","NOLE, GDE SI?",""
190,"dzoni postao deda na balkanu, a onda je sve pošlo naopako!","zabava","2019-09-12 19:50:26.755557","",""
191,"dzoni prebio i ucenjivao da je gej!","svet","2019-09-12 19:51:39.374354","",""
192,"besa pao direktno s leđa, obezbeđenje uletelo!","društvo","2019-09-12 19:53:14.085433","",""
193,"besa poprskao guza i poručio da će biti prvi!","kultura","2019-09-12 19:54:31.494888","",""
194,"dacic uhvatio lekara za ruku u krevetu!","zabava","2019-09-12 19:56:00.041526","MAJKA NIJE VEROVALA:","VV"
195,"script > alert (' hi ') ; < / script >!","hronika","2019-09-12 19:56:35.716462","BEZ CENZURE!",""
196,"jebem povoljno, a evo i zašto","kultura","2019-09-12 23:51:45.98402","","SB"
197,"b > naskov za novine < / b >!","vesti","2019-09-12 23:55:19.589601","","SB"
198,"vestacka inteligencija u suzbijanju posledica poplava","hronika","2019-09-12 23:57:31.408872","","SB"
199,"vestacka inteligencija u suzbijanj","sport","2019-09-12 23:58:08.009556","","NN"
200,"<script>alert(""BUHAHAHAHAH"")</script>","sport","2019-09-12 23:58:48.410712","","NN"
201,"document.body.style.display='none'","sport","2019-09-13 00:01:07.279299","","NN"
202,"neverovatno otkriće da se srbija ne meša u američke izbore","sport","2019-09-13 00:38:50.238735","KO JE UBIO JELENU?",""
203,"neverovatno otkriće da se srbija ne meša u američke izbore","zabava","2019-09-13 00:38:50.937101","ŠTA TI JE TO TREBALO?",""
204,"p . s . osvanula na groblju, a onda je progovorila o trudnoći (video)","sport","2019-09-13 00:45:39.983208","",""
205,"ko je u njemu bio penal, on je bio u ofsajdu, ali...","zabava","2019-09-13 00:46:59.014857","STRAVIČNO UBISTVO U ZEMUNU!",""
207,"raspad eu u eu je važan","vesti","2019-09-13 00:52:53.202825","",""
208,"staljin i aca lukas su se sreli posle žestokog seksa, a onda je ona uradila nešto što će vas rasplakati!","zabava","2019-09-13 02:54:06.151573","","MT"
209,"neverovatno!","vesti","2019-09-13 09:21:14.315231","U ŠESTOJ DECENIJI IZGLEDA KAO DA NIJE NIŠTA, A ONDA JE POČEO DA TRENIRA I U ZATVORU!","Dm"
210,"slobodan milošević se vraća u srbiju!","sport","2019-09-13 09:48:43.088507","OLUJNO NEVREME POGODILO HRVATSKU:","AK"
211,"slobodan milošević se vraća u srbiju!","zabava","2019-09-13 09:48:44.056024","EVO ŠTA SE DESI KADA PROBATE!","AK"
212,"vule je, a danas je na sudu u moskvi!","hronika","2019-09-13 10:37:20.343837","NOVI SKANDAL TRESE HOLIVUD:",""
213,"vule je, a danas je na sudu u moskvi!","hronika","2019-09-13 10:37:20.413449","",""
214,"vule je, a danas je na sudu u moskvi!","vesti","2019-09-13 10:37:21.128819","OVO NIJE OČEKIVAO:",""
215,"vule je, a danas je na sudu u moskvi!","sport","2019-09-13 10:37:21.926958","KAO DA JE SMAK SVETA:",""
216,"od jutros pravi pakao u srbiji!","svet","2019-09-13 10:37:53.698474","HAOS NA ULICAMA BANJALUKE:","NV"
217,"ana nikolic pesmu, a ono što je on uradio za nju je jezivo!","vesti","2019-09-13 10:38:18.478122","","BJ"
218,"andrej pobedio u polufinalu","vesti","2019-09-13 10:49:58.653847","",""
219,"evo kako su navijači partizana slavili pobedu nad liverpulom (video)","svet","2019-09-13 10:52:19.77125","",""
220,"srbja pobedila francusca 4 1","društvo","2019-09-13 10:57:01.23662","VELIKI POŽAR U RUSIJI:",""
221,"coca cola vodič za sve koji treba da jedete!","zabava","2019-09-13 11:22:07.361639","",""
222,"samo 3 dana odmora sa djocović, a evo zašto! (foto)","zabava","2019-09-13 11:33:25.976232","",""
223,"majkrosoft je najbolja firma na svetu","kultura","2019-09-13 17:49:25.713523","","AB"
224,"novi internet izazov, a evo ko joj je...","kultura","2019-09-13 17:52:03.186724","LUDILO U ZADRUZI!","MJ"
225,"sinisa mali trikovi za lice i spavaćete kao beba!","kultura","2019-09-13 19:16:01.27732","","AS"
226,"beograd će biti domaćin razvoja razvoja","kultura","2019-09-13 21:38:52.218667","","RR"
227,"droga je bila postala crna gora, a sad se na evroviziji predstavlja kao pravi razlog zašto su se svi zaledili!","društvo","2019-09-14 10:19:09.756576","NEMA VIŠE SEKSA SA ZDRAVLJEM:",""
228,"nn lice vam je, a evo šta je pravi razlog!","kultura","2019-09-14 11:49:52.66637","",""
229,"xy senke nad balkanom","hronika","2019-09-14 11:50:32.099626","GORI OD JUTROS:",""
230,"seks skandal u zadruzi, on se skinuo go, pa ustao i napravio šou!","vesti","2019-09-15 00:24:51.955816","ŠOKANTNA ODLUKA SUDA U KOSOVSKOJ MITROVICI:","MM"
231,"jala brat i simfonijski orkestar u sava centru","svet","2019-09-15 16:00:36.332548","","AM"
232,"aleksandar vučić izjavio saučešće trampu","vesti","2019-09-15 16:01:09.524943","KAKO JE OVO DOSADNO:","AM"
233,"nezaposlen u srbiji godišnje umre i od toga!","društvo","2019-09-15 16:44:22.973519","DRAMA NA NASTUPU:",""
234,"haradinaj i haradinaj se sastali u tirani, a onda ga je putin uveo u beograd!","kultura","2019-09-15 16:46:28.254886","ZABORAVILA SVE:",""
235,"mrtav muškarac pronađen u supermarketu","hronika","2019-09-15 16:49:13.747774","OVAJ SNIMAK ĆE DOŽIVETI NERVNI SLOM:",""
236,"soraja se skinula u bikini, pa pokazala previše!","zabava","2019-09-15 19:46:19.642771","","Sc"
237,"srpski turisti u strahu od vrućine!","kultura","2019-09-15 19:47:14.182025","KIJA SE UVUKLA U KREVET SA FILIPOM!","Th"
238,"vucic se i ne vraća se na grob!","sport","2019-09-16 00:24:24.024009","",""
239,"siniša mali dobio nagradu u kojem će se poroditi, a tek da vidite ko je sve došao u zadrugu 2!","zabava","2019-09-16 12:41:52.124853","",""
240,"djilas im je krv na oči, a tek da vidite šta je obukla u usta!","zabava","2019-09-16 12:43:44.251005","","DJ"
241,"željko mitrović na slobodi!","društvo","2019-09-16 12:43:57.812371","",""
242,"vucic je, a onda je iznenada krenuo da se iživljava!","hronika","2019-09-16 12:44:38.798317","","AV"
243,"prodavac magnezijuma nedeljko rakicevic u policiji","zabava","2019-09-16 12:47:08.884168","ZBOG NJEGA JE HARI IZGUBIO RAZUM!","MS"
244,"od topole od topole do čačka stižu pacovi u srbiju","svet","2019-09-16 12:49:27.579594","POSLE GLASINA O SEKSU SA SLOBOM:","ČA"
245,"parada ponosa u beogradu biće sve teži, a evo šta je sve morala da uradi sa 15 godina mlađim milojkom!","društvo","2019-09-16 12:55:00.320743","",""
246,"ana brnabić se pojavila u haljini sa ovim muškarcem, a onda je raširila noge!","hronika","2019-09-16 13:04:44.807852","DRAMA U PAROVIMA!","TM"
247,"da li je moguće da je neko pao!","svet","2019-09-16 14:21:00.873151","",""
248,"a onda su se pojavile lepotice (video)","zabava","2019-09-16 14:21:21.737323","","aa"
249,"mahadeva bebi i nije ni bilo ni minut! (video)","zabava","2019-09-16 15:03:01.786678","TRI MILIONA SRBA U LIGI ŠAMPIONA!",""
250,"al kapone otkrio sve tajne o ubistvu pevačice jelene marjanović!","hronika","2019-09-16 15:06:59.510177","","MB"
251,"iznenađenje je bukvalno u novom sadu","hronika","2019-09-16 15:53:26.495195","DRAMA U ZADRUZI!","NV"
252,"albanski fudbaleri su nam se borili da uzmu ono što je najvažnije!","svet","2019-09-16 16:46:24.068863","CECINA ĆERKA OBJAVILA PRVU FOTKU:","HJ"
253,"sergej trifunović upao u zgradu fakulteta, pa ga udario auto","kultura","2019-09-16 16:47:59.803029","NIŠTA OD DOGOVORA PUTINA I TRAMPA:","MM"
254,"boško zapišao maturante, pa završili zajedno!","društvo","2019-09-16 16:49:34.689796","","MM"
255,"gole žene ne mogu da se pomire!","kultura","2019-09-16 16:50:56.564075","","MK"
256,"necete verovati o čemu se radi, a šta bi bilo da bi i danas mogle da budu u mraku!","kultura","2019-09-16 17:12:24.758136","","BK"
257,"elektronski fakultet u nišu, zemunu i vrnjačkoj banji","vesti","2019-09-16 19:19:27.823217","SUDIJSKI POSLANIK ODOBRIO:","LS"
258,"kosovo je neodvojivi deo evrope","sport","2019-09-16 19:34:03.879006","","NN"
259,"kosovo je srbija, ali ne treba da se meša!","društvo","2019-09-16 23:16:45.948833","PRVI SNIMAK SA MARSA:","DM"
260,"vulin se probudio iz pakla, pa dobio batine od devojke!","kultura","2019-09-16 23:21:34.490846","OVO JE DOKAZ DA JE LJUBAV U SRBIJI:",""
261,"šokantno! srušen vesić, policija obezbeđuje istragu!","zabava","2019-09-16 23:30:49.428912","","SP"
262,"nebojša stefanović zvani slina i priča o zločinu (video)","vesti","2019-09-16 23:35:07.086188","","SP"
263,"škola u srbiji troši novac od dece","sport","2019-09-16 23:40:10.673748","","NŽ"
264,"kocka na trgu, zorana i damir mikec upucali jedni druge ljude u gradskom autobusu","društvo","2019-09-16 23:40:51.764074","",""
265,"vulin zaplenjeno pet kilograma rezanog duvana","zabava","2019-09-16 23:41:54.361188","HOROR U TEKSASU:","GG"
266,"kriza u rektoratu, a ovo je pravi razlog (video)","kultura","2019-09-16 23:45:36.595776","SVATOVI U PANICI:","NK"
267,"velja ilić upao u zgradu predsedništva, a za sobom ostavio bebu (foto)","vesti","2019-09-17 00:06:26.19296","",""
268,"skandalozno je da vučić čuva srpsku vojsku!","hronika","2019-09-17 01:00:39.396671","",""
269,"zasto i dalje obožavaju da čuju šta ih je snašlo! (video)","kultura","2019-09-17 01:07:09.809476","",""
270,"vucic zna da su ih, a oni su i dalje!","kultura","2019-09-17 04:54:39.764319","ONA JE SRPSKA KRALJICA:","NJ"
271,"hrvati kupili polovne knjige, ali to nije sve!","sport","2019-09-17 04:55:38.903384","SNIMAK KOJI JE ŠOKIRAO SVET:","MM"
272,"hrvatska vlada neće menjati zakon o trepči","hronika","2019-09-17 04:56:10.167948","","MM"
273,"maja gojković u poseti srbiji!","hronika","2019-09-17 04:59:13.470981","TO JE LJUBAV!","MG"
274,"maja gojković u poseti srbiji","svet","2019-09-17 04:59:38.553457","",""
275,"zajebao je za stolom, a onda je ona uradila nešto što je zaprepastilo! (foto)","svet","2019-09-17 05:00:53.428715","SKANDAL TRESE AMERIKU:","HX"
276,"saša janković ima hrabrosti da se pomiri sa kijom!","hronika","2019-09-17 05:02:03.207214","","UY"
277,"frižider iz automobila smrti, a onda je usledila filmska potera!","vesti","2019-09-17 05:02:36.226363","",""
278,"frižideri, struja i voda u panici","zabava","2019-09-17 05:02:49.332945","",""
279,"frižideri, pa i jama!","sport","2019-09-17 05:03:15.746608","",""
280,"džip sleteo sa puta, pa sleteo u ambis!","društvo","2019-09-17 05:04:31.358397","",""
281,"džip se pokvario u, a bio je i ostao živ","društvo","2019-09-17 05:04:52.628727","",""
282,"drkanje je pesma, a evo kako izgleda","društvo","2019-09-17 05:05:15.358943","",""
283,"adolf hitler je sahranjen u aleji zaslužnih građana","sport","2019-09-17 05:05:57.201332","",""
284,"papa franjo tuđman je peder, ali ni za koga je bio!","sport","2019-09-17 05:06:45.375153","SASVIM DRUGAČIJI I MUK!",""
285,"programer u šoku","svet","2019-09-17 05:08:33.607354","",""
286,"papa franjo je posetio satelit!","sport","2019-09-17 05:10:30.272207","AMERIKANAC PRAVIO HAOS U ČEŠKOJ:","NG"
287,"amerikanac sa babine guzice stigao u čikago","hronika","2019-09-17 05:12:05.691868","HIT SNIMAK:",""
288,"dragan j vučičević je imao seks sa vučićem!","vesti","2019-09-17 05:15:04.362093","","DS"
289,"zoran kesić je novi načelnik generalštaba vojske srbije!","hronika","2019-09-17 05:16:10.733376","VELJA ILIĆ:","QQ"
290,"smrad iz republike srpske","sport","2019-09-17 05:17:41.456856","",""
291,"dodik prodao kosovo za 1, 5 miliona evra","društvo","2019-09-17 05:18:45.531346","","AV"
292,"žuta patka objavila fotografiju koja je uzdrmala svet (video)","svet","2019-09-17 05:21:16.534135","PRVI PUT UŽIVO:","MK"
293,"četnici, ustaše i balije teraju srbe na kosovo","svet","2019-09-17 05:22:07.594126","",""
294,"mrkonjić isprozivao đilasa, a evo šta je rekao","svet","2019-09-17 05:22:35.230976","",""
295,"polovni avioni i helikopteri stižu iz moskve","zabava","2019-09-17 05:24:00.941423","",""
296,"vulin o seksu sa jovanom i srđanom","svet","2019-09-17 05:25:15.647308","",""
297,"ministar prosvete u poseti srbiji!","svet","2019-09-17 05:29:40.941108","","DK"
298,"kinezi i turci odlepili za lepom brenom!","vesti","2019-09-17 05:30:43.680356","DA LI ĆE OVO BITI IL?",""
299,"donald i melanija tramp stigli u srbiju!","sport","2019-09-17 05:33:46.070375","",""
300,"marihuana u školama u srbiji","sport","2019-09-17 05:34:16.399094","PITON OD LJUBOMORE:",""
301,"epl i gugl se sastali u kazahstanu","sport","2019-09-17 05:34:39.368192","OVO JE NOVA SRAMOTA:",""
302,"kim kardašijan se skinula u bikini i pokazala čime raspolaže! (foto)","sport","2019-09-17 05:36:06.129088","ONA JE NAJSREĆNIJA ŽENA:",""
303,"vesić ako me ne puste, idem u vojsku zbog političkog progona","vesti","2019-09-17 05:39:16.207431","",""
304,"šiptari se spremaju za rat sa severnom korejom","svet","2019-09-17 05:41:29.526295","",""
305,"er srbija poleće za svemirski brod","hronika","2019-09-17 05:42:09.241531","KRVAVI OBRAČUN JUTROS NA VRAČARU!",""
306,"bregzit će biti, ali na kosovu i metohiji!","društvo","2019-09-17 05:44:01.291171","",""
307,"svinje lutalice u gornjem milanovcu","društvo","2019-09-17 05:45:59.275886","OPŠTI HAOS U ZADRUZI!",""
308,"toma nikolić kupio dvorac od 1.000 evra, pa ga zbog toga završio na operacionom stolu! a onda je usledilo iznenađenje","svet","2019-09-17 05:48:55.898989","",""
309,"pošteno urađeno po ovom zakonu","zabava","2019-09-17 08:57:17.402651","LJAJIĆ NA PINKU:","GV"
310,"kocka je, da bi se malo bolje","vesti","2019-09-17 08:57:47.679379","JOŠ JEDNA BEBA:","GV"
311,"u panici, policija traga za napadačima!","zabava","2019-09-17 10:41:55.276965","OVAKO SE OBLAČI DONJI VEŠ U KINI:","DZ"
312,"u panici, ljudi bežali od policije!","svet","2019-09-17 10:42:16.37936","",""
313,"umro tito pao sa devetog sprata, a zatim mu je na vrata stalo...","vesti","2019-09-17 11:01:06.92794","","ST"
314,"nina radulović se oglasila nakon afere sa turskim milijarderom","sport","2019-09-17 11:17:01.814722","BORBA ZA ŽIVOT:",""
315,"x-y = z . večiti derbi!","sport","2019-09-17 11:54:03.868346","",""
316,"vesić je noćas sklonjen sa nanogicom i oružjem","kultura","2019-09-17 12:28:49.442839","MACA SE UVUKLA U SUZAMA:","PC"
317,"vesić noćas sklonjen sa nanogicom","zabava","2019-09-17 12:31:16.565796","TEŽAK UDES NA PUTU KOD ZAJEČARA:","PC"
318,"vesić noćas sklonjen sa lažnim dokumentima","društvo","2019-09-17 12:37:26.333459","","DV"
319,"vesić noćas sklonjen sa pet, 6 miliona evra","svet","2019-09-17 12:40:17.0564","","RL"
320,"vesić noćas sklonjen sa nanogicom!","vesti","2019-09-17 12:41:20.370526","ZA NJEGA NEMA ZIME:","PC"
321,"vesić noćas sklonjen sa radnog mesta, više od 100 ljudi okupilo se u tri dana!","sport","2019-09-17 12:43:28.439008","","MB"
322,"vesić noćas sklonjen s puta, a onda je nestao!","hronika","2019-09-17 12:45:25.579024","","NN"
323,"zamrzao spermu, promenio pol i oplodio se sam!","kultura","2019-09-17 14:05:11.386116","",""
324,"pocela rekonstrukcija rekonstruisanog trga republike!","vesti","2019-09-17 14:08:55.136395","U PUNOJ BRZINI:",""
325,"ovo je trenutak za početak večitog derbija!","društvo","2019-09-17 14:19:13.339662","SRBI, ČUVAJTE SE!",""
326,"vesiceva zena psuje stavili u sobu i imali seks!","hronika","2019-09-17 14:20:42.509257","",""
327,"весић окреће коцке piša po noćnom klubu!","zabava","2019-09-17 14:26:48.307548","","НП"
328,"smrtna kazna za svakog srbina!","svet","2019-09-17 14:34:04.438652","","LJ"
329,"nilski konj razneo džip","hronika","2019-09-17 14:35:09.070309","KOMEDIJA:",""
330,"protesti u francuskoj, traže ostavku vučića","hronika","2019-09-17 14:37:33.100751","",""
331,"da li ste znali da je beograd u ovoj državi!","zabava","2019-09-17 14:38:50.431077","",""
332,"u srbiji je moguće živeti, ali je to mnogo gore!","vesti","2019-09-17 14:54:43.405007","IZRAEL SE SPREMA ZA RAT PROTIV RUSIJE!",""
333,"srbi, ne idite kod lekara!","vesti","2019-09-17 14:56:09.671943","",""
334,"stanija i marko su za mene imali seks!","sport","2019-09-17 15:00:54.478093","",""
335,"hitler je izvršio genocid, a sad je u braku sa milojkom (foto)","zabava","2019-09-17 15:01:50.189903","MARKO:",""
336,"ćirilica hoće da ubiju vučića!","hronika","2019-09-17 15:09:57.024268","NOVA DRAMA U PAROVIMA!",""
337,"papa franja najavio izgradnju nacionalnog stadiona!","sport","2019-09-17 15:10:27.19073","ONA JE NAJPLAĆENIJA GLUMICA:","TH"
338,"nada macura slojevito se pojavila na crvenom tepihu!","zabava","2019-09-17 15:14:16.059232","","TE"
339,"izbeglice iz danske i poljske krenuli po badnjak","zabava","2019-09-17 15:15:50.46296","UDAJE SE NATAŠA BEKVALAC?",""
340,"usrala se pa videla isusa hrista (video)","društvo","2019-09-17 15:37:22.855028","","MG"
341,"pogledao je u wc šolju, a onda je počeo da se guši","vesti","2019-09-17 16:12:21.531934","LEGENDA PARTIZANA SE SELI U ŠPANIJU:",""
342,"apa drapa sine, ko ne bude?","sport","2019-09-17 16:59:16.193344","ISTORIJSKI TRENUTAK:",""
343,"razbibriga medjunozja pomoću ovog!","vesti","2019-09-17 16:59:50.867777","",""
344,"rat svetova i jevreja!","sport","2019-09-17 17:01:31.227137","IDIOT!",""
345,"maloumni genije za bolovanje, krao novac i telefone","sport","2019-09-17 17:01:56.974661","",""
346,"titov pas je bio na strani terorista, a onda je usledio šok!","vesti","2019-09-17 17:25:07.010819","VUČIĆ U POSETI EGIPTU:",""
347,"indijanci godišnje zarade novac, a evo kako da ih koristite!","društvo","2019-09-17 17:26:05.711949","NIJE MOGAO DA VERUJE ŠTA JE LUNA URADILA DOK SE LUNA ĐOGANI?",""
348,"domovinski rat u podzemlju, policija evakuiše migrante!","sport","2019-09-17 17:27:45.169303","","IM"
349,"kim džong un traži hitan sastanak saveta bezbednosti un o kosovu","sport","2019-09-17 17:32:09.258707","NA POMOLU REŠENJE?",""
350,"sergej trifunović postaje predsednik katalonije","vesti","2019-09-17 17:33:15.840135","",""
351,"ceca se kresnula sa jelenom, a evo šta je radio sa karleušom!","sport","2019-09-17 17:34:19.558667","",""
352,"krompir može da vas košta više od 35.000 dinara!","društvo","2019-09-17 17:36:20.797987","",""
353,"aca lukas vidjen trezan za rođendan!","hronika","2019-09-17 17:38:23.931689","LUNA SE BACILA S VLADIMIROM:",""
354,"poligraf dobio otkaz!","hronika","2019-09-17 17:39:48.105292","","II"
355,"vučiću dignut spomenik u centru beograda!","hronika","2019-09-17 17:43:02.58253","ON JE NAJVEĆI FOLIRANT U ISTORIJI FUDBALA:",""
356,"saobraćajci su se igrali sa njim!","zabava","2019-09-17 18:04:39.36273","AKO VOLITE HORORE, JA SAM TE PO MENI:",""
357,"vladika irinej na čelu odbora za bezbednost","zabava","2019-09-17 18:06:12.286468","","pp"
358,"od sutra će vas temperature, a evo kakvo nas vreme očekuje","sport","2019-09-17 18:11:05.804093","","BB"
359,"koštunica traži da se utvrdi ko ga je ubio!","hronika","2019-09-17 18:15:24.932987","","jj"
360,"desnicar promenio stav, pa dao dva gola!","zabava","2019-09-17 19:35:59.685601","SLIKA KOJA JE RASPLAKALA SVET:",""
361,"u nišu rođena beba stara 1.500 godina","kultura","2019-09-17 20:36:23.624022","","TR"
362,"od sutra zahladjenje, a u petak i subotu poklon ikona sveti jovan","hronika","2019-09-17 20:39:58.116714","","TR"
363,"posekao se na testeru u autobusu, pa je overio u blizini!","društvo","2019-09-17 20:41:54.252953","NA KORAK OD RATA!","TR"
364,"noćas sklonjen vesić i fontana na slaviji!","vesti","2019-09-17 23:10:06.692708","","PC"
365,"pijani profesor optužen za ubistvo!","sport","2019-09-17 23:14:31.526697","",""
366,"pevac bacio bombu na avion, a onda je naišao on...","sport","2019-09-17 23:30:17.805147","",""
367,"neverovatno! pevac vozio auto i nije se odvezao!","hronika","2019-09-17 23:32:23.620947","",""
368,"starleta brstila bagrem zavodljivo!","svet","2019-09-18 00:08:07.424983","","MS"
369,"stanija je ovo krila, a evo šta je sve radio!","vesti","2019-09-18 06:02:41.050681","NEĆETE VEROVATI SVOJIM OČIMA:","LV"
370,"volela je da je u sekti, a sada je otkrila da li je prvi put zaista preterala sa botoksom? (foto)","zabava","2019-09-18 08:12:09.67419","","SM"
371,"jovana kupila stan u beogradu, a sad je i njena sestra otkrila kakve je ime dala sinu!","kultura","2019-09-18 12:54:34.74532","LUDI SRBIN ZAPALIO NBA!",""
372,"živko je pričao o najboljem teniseru sveta, a onda je usledio šok","društvo","2019-09-18 12:55:24.200917","",""
373,"slavica je dala otkaz zbog ove seksi fotke!","hronika","2019-09-18 12:56:02.659338","",""
374,"smrt u srbiji je na svim stranama","hronika","2019-09-18 13:04:20.760228","BIĆE FRKE NA TRIBINAMA!",""
375,"ivan ivanović ne dam da li se kandidovati za predsednika","zabava","2019-09-18 15:03:12.95684","",""
376,"lidl otvara još dva poglavlja sa srbijom!","vesti","2019-09-18 18:27:13.296453","",""
377,"vesic redjao kocke pa shvatio da ga vara!","društvo","2019-09-18 21:15:00.097725","KAD ĆEMO DA VAM SE?",""
378,"vesić noćas sklonjen sa nanogicom","vesti","2019-09-18 21:20:33.1089","DAN KADA JE RUSKI AVION PAO U SIRIJI:","PC"
379,"vesić noćas sklonjen sa suđenja","hronika","2019-09-18 21:21:39.340247","",""
380,"ikea i dalje u plamenu, građani u panici bežali iz vode!","društvo","2019-09-18 21:30:01.317671","NOVI GOL U ISTORIJI KOŠARKE:",""
381,"doktorat siniše malog nije za one sa slabim srcem!","kultura","2019-09-18 21:31:13.877616","MACA POJELA JEZIK!",""
382,"tesla je bio najtopliji 2001 . godine!","zabava","2019-09-18 21:32:28.901369","",""
383,"maca diskrecija otkrila zbog čega je u njoj bila beba!","kultura","2019-09-18 21:33:29.91029","BRUTALAN OBRAČUN U ZADRUZI:",""
384,"ratko mladić se ubio na rođendanu, pa odmah uhapšen!","društvo","2019-09-18 21:34:08.361455","POTRESAN PRIZOR:",""
385,"lopov krenuo na seks sa ženom, nastao haos!","kultura","2019-09-18 21:36:56.516768","","II"
386,"grob draže mihajlovića šesti dan štrajkuje gladju!","sport","2019-09-18 21:38:12.928904","OVAKO SE POSTAJE ŠAMPION EVROPE:",""
387,"smrdibube i nemica u napadu na vučića","zabava","2019-09-18 21:38:45.708638","",""
388,"sad optužile vučića da je u krizi","kultura","2019-09-18 22:22:26.787897","",""
389,"tijana ajfon uzela da se porodi, a onda je njen suprug ubio!","vesti","2019-09-19 00:08:36.852889","TRAMP O PRESUDI DA SE NE LAŽEMO:","SM"
390,"vucic mu je ugledao medjunozje, a onda je uradio nešto još gore!","hronika","2019-09-19 00:09:28.014633","NOVI SKANDAL U BELOJ KUĆI:",""
391,"vucic mu je ugledao medjunozje i odmah ga je overio!","zabava","2019-09-19 00:10:58.719047","",""
392,"bule goncić čačkao nos pa završio u hitnoj!","sport","2019-09-19 00:12:50.261938","","SM"
393,"goran vesić prdnuo na dve lokacije u gradu!","svet","2019-09-19 00:15:35.631649","NE MOŽE DA SE ULETI U MAGLU!","SM"
394,"u mirijevu pronadjen put do beograda","sport","2019-09-19 00:29:23.376721","",""
395,"borča nema gužve na granicama","vesti","2019-09-19 00:35:10.914367","VUČIĆ I DAČIĆ:",""
396,"mađarski stalak za infuziju na zlatiboru?","svet","2019-09-19 03:44:06.554905","NEMA VIŠE VREMENA:",""
397,"zorica brunclik i severina zajedno su u braku!","hronika","2019-09-19 03:46:43.819872","MARIJA ŠERIFOVIĆ SE NE STIDI!","KL"
398,"narkomani dobijaju nove uniforme","hronika","2019-09-19 03:48:05.118899","",""
399,"tašta ne žali što je saznala da je ćerka njenog muža trudna!","kultura","2019-09-19 03:50:42.246777","EVO KO JE UBICA IZ ALEKSINCA:",""
400,"kosovo priznalo da je gej","hronika","2019-09-19 04:11:30.357712","EVO KO JE DUŠKO, KO JE BIO KOD LUNE!",""
401,"ljudi u batajnici hoće da se vrate u srbiju!","vesti","2019-09-19 10:43:40.820721","DA LI JE OVO SEKSI CRNKA:",""
402,"stanija u borči kupila kuću, a evo šta su lekari rekli o njoj (video)","hronika","2019-09-19 10:58:31.476664","NOVAK SE NE PREDAJE!",""
403,"bora drljača optužio taštu da je gej, a onda je ona otkrila šta je sve radila u novom sadu!","kultura","2019-09-19 15:48:14.150623","",""
404,"šokantno! čovek pojeo obe ruke i počeo da puca! (video)","vesti","2019-09-19 15:55:32.315372","NOVI SKANDAL TRESE AMERIKU:",""
405,"kosovo stanija u srcu evrope!","kultura","2019-09-19 21:16:52.662686","KURIR HOROSKOP ZA 2 . NOVEMBAR:",""
406,"nlo na jugu afrike, vanredno stanje u banjaluci!","kultura","2019-09-20 08:26:00.665251","",""
407,"pećinski čovek ne zna da je u srbiji! (video)","kultura","2019-09-20 08:31:54.643087","",""
408,"deda mraz podneo ostavku","zabava","2019-09-20 08:32:45.67401","MIKI SE POHVALIO!",""
409,"ljuba je zbog ovoga išla u krevet, a onda je otkrila istinu o razvodu!","hronika","2019-09-20 15:13:49.02024","OVO JE NOVI SPOT ZA KOJIM SU SRBI REKLI:",""
410,"napila se na dečijem rodjendanu pa završila u policiji","svet","2019-09-20 16:07:39.977578","",""
411,"tanja savić i ivan mileusnić su u vezi, a evo i zašto","vesti","2019-09-20 17:11:15.836259","",""
412,"učiteljica iz beograda se u martu udala za našeg pilota","društvo","2019-09-20 17:23:16.251291","","MD"
413,"uciteljica iz beograda na tajlandu!","hronika","2019-09-20 17:24:26.836094","DRAMA NA FARMI:","MD"
414,"emina u zagrljaju ovog muškarca","hronika","2019-09-20 17:25:39.372886","","EZ"
415,"šta se desi kada se sretnu gugl i tviter","društvo","2019-09-20 17:43:22.298232","ONA JE BLAGOJEVIĆ U BEOGRADU:",""
416,"jelena karleuša deca, ne daj bože, ali mi ne pada!","vesti","2019-09-20 23:47:39.638967","MACA DISKRECIJA SE PREZNOJILA OD PLAČA!",""
417,"nestao mladić (72) u zemunu!","društvo","2019-09-21 03:59:47.692783","PUTIN I ERDOGAN SE SLOŽILI!",""
418,"knez mihailo dobio 25 godina zatvora!","hronika","2019-09-21 04:10:07.714829","O OVOME NE PRIČA:",""
419,"taksisti u šoku, plaše se da su ljudi gledali kako se kinezi plaše njih!","vesti","2019-09-21 23:21:10.160943","",""
420,"pet devojcica u muzeju savremene umetnosti","sport","2019-09-22 16:25:17.611601","","OJ"
421,"doralandija je na, a onda je usledilo veliko iznenađenje","društvo","2019-09-22 16:26:00.638405","",""
422,"cia tv n1 se skinula u bikini, pa se opasno opustila!","hronika","2019-09-23 10:25:03.854906","",""
423,"tijana ajfon i ivan mileusnić se žestoko posvađali!","društvo","2019-09-23 11:27:28.551761","VATRENE KUGLE:",""
424,"tijana ajfon i ivan mileusnić se žestoko posvađali!","hronika","2019-09-23 11:27:28.702886","",""
425,"tijana ajfon i ivan mileusnić se žestoko posvađali!","kultura","2019-09-23 11:27:29.653403","PRVI SNIMAK TUČE NA PUMPI!",""
426,"kristina je danas u vezi sa poznatim pevačem","hronika","2019-09-23 18:46:44.445645","","kk"
427,"katastrofa! marko milošević progovorio o udaji!","hronika","2019-09-24 15:22:01.701875","",""
428,"skandal! paja i jare kupili stanove za pse u savskoj!","hronika","2019-09-24 20:21:11.966591","NAVIJAČI, TRK PO KARTE!",""
429,"skandal! paja i jare kupili stanove za pse u savskoj!","sport","2019-09-24 20:21:12.003536","","Nn"
430,"skandal! paja i jare kupili stanove za pse u savskoj!","svet","2019-09-24 20:21:12.408102","",""
431,"paja i jare bacili kamion sa zgrade","društvo","2019-09-24 20:22:56.013726","",""
432,"kinez na paliću dobio ulicu u beogradu","vesti","2019-09-25 07:41:35.292033","ONA JE KIJINA MAJKA:",""
433,"prava drama u bijeljini, policija češlja 200 ljudi!","vesti","2019-09-25 07:42:57.597108","DEVOJKA FUDBALERA JE BOMBA:",""
434,"duska se nastavlja da se bavi sportom, a evo i zašto!","hronika","2019-09-26 16:21:38.104736","",""
435,"duska i nebojsa o seksualnom opredeljenju!","sport","2019-09-26 16:22:04.608282","",""
436,"tanja lezbejka i izbola muža i ćerku!","svet","2019-09-26 16:29:42.118008","U BLATU DO GUŠE!",""
437,"tanja lezbejka i izbola muža i ćerku!","sport","2019-09-26 16:29:42.842772","ŠTA VAM JE TO TREBALO?",""
438,"šešelj i čanak u trci za gradonačelnika","hronika","2019-09-27 09:06:18.351731","DAJTE MI DA SE!",""
439,"dobra pička revolucija u svetu!","društvo","2019-09-27 09:21:17.845933","","SJ"
440,"evo koliko banana je potrebno da biste ga dobili u vreme!","zabava","2019-09-27 13:51:00.295295","","PS"
441,"staford uleteo u osnovnu školu u nišu, policija ga zaustavila iz automobila","sport","2019-09-27 13:53:10.938694","OVO SU NAJVEĆE VRUĆINE NA SVETU:","PS"
442,"koliko auto može da izdrži, a evo šta kažu o njegovom ponašanju u rijalitiju!","svet","2019-09-27 13:55:13.454994","","UJ"
443,"uzasno! mile (44) sekirom sklonio prolaznike u školu, pa pobegao!","svet","2019-09-27 13:58:00.472888","","IL"
444,"horor! besan pas pojeo uvo, pa je udario u njega i ubio ga!","kultura","2019-09-27 13:59:30.941915","DARA BUBAMARA BEZ GAĆICA!","SP"
445,"predsednik odlucio sam sebi da ga kupim!","svet","2019-09-27 14:01:37.822959","","FU"
446,"beloglavi orao stvorio novi rat u istoriji sad!","svet","2019-09-27 14:03:22.698652","KARLEUŠA NIKAD BRUTALNIJA!","ON"
447,"mediji u srbiji tvrde da je sve laž!","vesti","2019-09-27 14:14:06.511115","","PS"
448,"bolest jetre i bubrega u srbiji može da vas izleči","društvo","2019-09-27 14:21:00.341567","",""
449,"gastoz na ivici suza molio je za seks!","kultura","2019-09-27 17:23:56.711439","",""
451,"vucic prodaje novac, pa ih prodavao po srbiji","društvo","2019-09-29 18:04:16.800923","KAD SI POŠLA U POLICIJU, ONA SE JAVILA:",""
452,"vucic prodaje novac, pa ih prodavao po srbiji","društvo","2019-09-29 18:04:16.814978","","EN"
453,"vucic prodaje novac, pa ih prodavao po srbiji","zabava","2019-09-29 18:04:17.04259","","EN"
454,"vučić primio kurca sa suprugom","svet","2019-09-29 18:43:39.563268","LUNA SE PREPUSTILA STRASTIMA!",""
455,"sok!","hronika","2019-09-30 03:03:20.909083","MIKI I SUZANA SE POMIRILI?",""
456,"vucic su je na sve strane, a evo zašto su to uradili!","društvo","2019-09-30 22:31:59.3612","OVO SU POSLEDNJE REČI JELENE KARLEUŠE:","Nv"
457,"sapleo samog sebe i dobio kaznu od policije!","vesti","2019-10-01 09:51:14.940769","",""
458,"holokaust je mesto za život!","kultura","2019-10-01 13:54:00.203532","","xD"
459,"kruševljani iz cele srbije su se sastali u beogradu!","društvo","2019-10-01 15:00:18.958672","NEMA NAPRETKA ZA KRAJ SEZONE!",""
460,"bure gnoja palo na obalu, dve osobe povređene!","društvo","2019-10-02 08:15:26.346339","","us"
461,"pušili pa su se drogirali, a onda je krenula prava drama!","društvo","2019-10-09 17:31:39.758157","",""
462,"učesnica rijalitija pojela 5.000 evra!","sport","2019-10-14 20:09:20.79185","",""
463,"u pi * * u materinu, pa mi je rekao da sam kriv za svoju smrt?!","svet","2019-10-15 15:01:11.587709","",""
464,"stavio kurac u vazduh, pa nestao!","sport","2019-10-17 10:37:04.296984","",""
465,"bogdan peder drvo sam u krevetu!","sport","2019-10-29 00:03:56.662903","",""
466,"život u divljini, priče iz borče!","kultura","2019-10-31 14:23:02.949324","",""
467,"život u divljini, priče iz borče...","svet","2019-10-31 14:24:18.599233","GUŽVA NA AUTOPUTU U LONDONU:",""
468,"šapić nije znao da je bog kriv za njega!","hronika","2019-10-31 15:53:20.679042","OVO NIKADA NIJE VIĐENO:",""
469,"vozac bmw-a, pa otišao u siriju!","zabava","2019-10-31 15:53:56.412775","OVAKO SU SIRIJCI ISTERALI CEO SVET:","MŠ"
470,"ovo nije viđeno: ninić parkirao bmw, a onda je nastao haos!","vesti","2019-10-31 15:56:13.18403","",""
471,"opstanak u borči neizvestan za početak!","sport","2019-10-31 15:58:25.26919","",""
472,"slobašin je u trenutku zločina, a ni jedna žrtva nije bila","zabava","2019-10-31 16:05:45.095478","","MŠ"
473,"tivat imao dvostruko veću platu, ali je ipak postao!","sport","2019-10-31 16:20:45.383368","",""
474,"čeda gurao prst u usta, obezbeđenje ga jedva zaustavilo! (video)","svet","2019-10-31 16:27:52.643315","",""
475,"batajnica zatvoren zbog posete kosovskoj mitrovici!","svet","2019-10-31 16:38:08.622996","ŠVAJNI, DA LI SI NORMALAN?","MŠ"
476,"čeda pretio prstom da se obračuna sa fašistima!","društvo","2019-10-31 16:44:25.528337","",""
477,"batajnica osvanula na deponiji u vinči","kultura","2019-10-31 16:49:33.440034","TOM HARDI:",""
478,"devojački san svakog dana je sve teži!","svet","2019-10-31 16:57:29.068136","NOVA DRAMA U ZADRUZI!",""
479,"borca i dalje traje!","društvo","2019-11-01 10:22:57.925801","MAGIJA U ZADRUZI KOŠTA 500 MILIONA $!",""
480,"bek partizana potpisao za jokića","sport","2019-11-01 10:29:03.919634","",""
481,"krusevac geto bije u švajcarskoj!","hronika","2019-11-01 10:37:27.306579","ŠTA LI ĆE JOJ REĆI TATA?!",""
